N>>N-NIL__A_15M	2	-420000.00	NSW	14000.00	13700.00	14000.00
S:V_500_HY_TEST	1	-1165384.50	SA	13998.99	13698.99	13998.99
N>>N-NIL__H_15M	4	-174024.25	NSW	13950.00	13650.00	14000.00
S>NIL_CGTB_TUTB	1	-345650.19	SA	13498.30	13198.30	13498.30
V>>DDSH_DDGN_N-2	8	-414000.00	VIC	12633.39	12333.39	13800.00
S_V_ROCOF	5	-490000.00	SA	11210.56	10959.80	14000.00
T>T_PMHA_SHGT_N-2	8	-261563.47	TAS	5369.24	5165.20	13100.00
N>>N-NIL__S	33	-92741.70	NSW	4508.99	4252.10	14000.00
N>>N-NIL__B_15M	66	-47071.94	NSW	4315.66	4099.08	14000.00
S>>V_NIL_KHTB2_KHTB1	3	-135069.22	SA	4165.78	4399.43	13498.30
T_LIPM_PMWA_1_N-3	6	-327509.88	TAS	4076.69	3859.66	13100.00
V>>BABE_DDGN_N-2	4	-17149.82	VIC	3294.34	3196.45	13085.81
N>>N-NIL_01N	45	-5366.23	NSW	3237.05	2969.90	14000.00
N>>N-NIL_64	16	-668.19	NSW	2983.75	2727.40	14000.00
S>>NIL_TBSE_TBKH1	4	-14834.09	SA	2783.74	2615.00	10759.99
S:V_500_HY_TEST_DYN	10	-181617.58	SA	2319.83	2150.02	10759.99
Q>>BRTR_MRTX5_MRTX4	23	-12396.99	QLD	1740.96	1643.47	12900.00
S>>BWMP_MKRB_BRTW	7	-1815.21	SA	1695.60	1527.76	10994.32
N::V_CNUT_2	75	-2579.95	NSW	1679.46	1574.92	13450.00
T>>T_GTSH_EXP_3A	3	-100024.43	TAS	1324.23	1024.23	2569.34
N^^N_NIL_1	18	-193.84	NSW	1133.54	914.89	13400.00
T>T_SHGT_N-2	68	-56489.21	TAS	993.46	891.42	13100.00
T>>T_GTSH_EXP_3D	7	-73828.18	TAS	990.00	745.32	4278.75
S>>PWSE_SETB_SETB_2	16	-26264.26	SA	965.75	856.19	13998.99
Q>NIL_MRTA_B	596	-1084.01	QLD	950.37	806.36	13800.00
Q>NIL_MRTA_A	256	-987.85	QLD	941.88	816.50	13800.00
V>SMLHORC1	30	-222717.11	VIC	928.97	748.22	11817.49
V>>V_NIL_1B	173	-36748.52	VIC	922.60	796.27	12577.04
V>>V_NIL_3	61	-57866.81	VIC	843.83	690.37	11998.84
V>V_NIL_7	191	-5058.27	VIC	837.28	702.67	12577.04
T>>T_GTSH_EXP_3C	14	-18809.28	TAS	677.89	487.80	4278.75
V>>V_NIL_4A	28	-141613.24	VIC	675.43	598.28	13800.00
S>>NIL_TBTU_TBCG_1	58	-21770.02	SA	654.86	477.22	14000.00
Q:N_NIL_BI_POT	43	-16718.66	QLD	640.29	603.79	13293.94
N>>N-DTKV_E	108	-3648.07	NSW	563.11	414.24	13800.00
S>RBTU2_DVBG_WEWT	46	-250.21	SA	454.81	295.00	12500.00
T>T_HAGT_SHGT_N-2	107	-23266.88	TAS	441.67	386.18	13100.00
S>NIL_NIL_MHNW2	1	-293.60	SA	360.81	60.81	360.81
T>T_HAGT_N-2	353	-14537.22	TAS	341.64	272.62	13100.00
S>>NIL_NIL_TINO3	3	-1319.28	SA	319.28	19.28	322.53
S>>SETB_TBSE_TBKH2_1	1	-420000.00	SA	312.72	12.72	312.72
S>>SETB_TBSE_KHKN_1	1	-420000.00	SA	312.72	12.72	312.72
T_X_GTSH_1	51	-24737.59	TAS	295.10	242.70	12677.95
Q_CS_1100	110	-537.06	QLD	278.75	212.40	12900.00
T>>T_GTSH_EXP_3H	104	-4916.54	TAS	271.62	162.29	14000.00
V>>SML_NIL_1	414	-95771.47	VIC	271.34	215.80	12704.72
S>>X_TB-EBUS+CGTB_3	334	-185.79	SA	262.05	109.49	10758.59
V>>V_MLSY_4BR	41	-591.40	VIC	260.95	2.03	314.82
T>T_GT_HA_3A_N-2	175	-4927.06	TAS	252.69	184.71	13100.00
S>>NIL_RBTU_WEWT	119	-215.49	SA	249.26	122.37	14000.00
S>BWMP_MKRB_CNRB	3	-525.75	SA	248.44	15.49	324.30
V>>V-JNWG_RADIAL_1A	82	-2920.63	VIC	228.15	145.12	12199.55
N>>Q_LDMU_B	158	-21339.71	NSW	223.26	20.86	449.80
T>>T_GTSH_EXP_3FH	36	-19439.44	TAS	220.22	101.50	2569.34
T>T_LIPM_110_2B	14	-52.21	TAS	217.56	3.43	327.09
N>N-X_96H+9W2_1	60	-56026.87	NSW	217.12	0.00	299.80
T_T_JB_RC1+2_TI_250	4	-49918.37	TAS	213.87	0.00	295.36
N>N-CHKK_TE_1	1203	-47602.70	NSW	210.16	92.21	14000.00
V>SML_NSWRB_9	3	-415000.00	VIC	203.11	0.00	290.00
Q_KACH_7192	1	-1200.01	QLD	200.01	0.00	200.01
T>T_NIL_BL_IMP_3F	87	-653.58	TAS	189.97	142.28	12677.95
T>T_FASH_1_N-2	300	-6719.84	TAS	187.21	121.77	13100.00
S>>BWMP_TWPA_TPRS	5	-172.11	SA	185.78	0.15	300.75
N::V_GRYS_2	42	-841.81	NSW	183.77	32.07	1558.09
S_LB2WF_CONF	304	-93234.14	SA	179.83	137.75	14000.00
S>X_RBPA+CB_01	6	-915.37	SA	179.44	4.51	327.08
S>>NIL_HUBG-T_WEWT	380	-137.20	SA	174.02	7.99	683.49
V_ML_TRMO	112	-3864.00	VIC	171.22	0.00	290.00
V>>V_NIL_4C	2	-2872.14	VIC	169.88	0.00	182.82
S>>X_CGTB+TB35+36_13	136	-220.99	SA	169.07	78.63	10781.81
T>T_PMSH_IMP_4D	4	-49905.58	TAS	165.38	0.00	295.36
N_NIL_TE_B	20	-45.14	NSW	161.21	0.00	299.80
V>>V_NIL_1A	15	-73.89	VIC	159.82	10.45	433.22
V>SML_NSWRB_10	63	-209.06	VIC	156.31	1.96	418.40
S>BRTW_BWPA_HUWT	296	-215.03	SA	154.01	106.99	10759.99
N>N-96H+LSTX_TE_1	12	-3.17	NSW	152.48	0.00	259.85
V>V_NIL_RADIAL_10	114	-71546.45	VIC	151.04	0.49	328.71
T>T_GTSH_220_1_N-2	150	-6983.65	TAS	144.75	94.37	13100.00
T>T_NIL_BL_110_8	1	-4.88	TAS	144.73	0.00	144.73
S>>KHKN_SETB_SETB	8	-5.94	SA	144.37	0.00	170.30
S>NIL_NIL_SETX12	18	-1019.74	SA	143.90	0.00	278.81
V>V_ROYP6_1BR	14	-60099.44	VIC	143.79	0.00	188.57
S_TIPSB2+B1_270	8	-17.83	SA	142.82	0.00	166.04
T>>T_NIL_BL_EXP_7C	1155	-778.28	TAS	141.34	23.15	13500.00
T>T_X_TU_LE_WA_TWO_1	20	-508.14	TAS	138.24	0.00	255.94
T>>T_HAPM_EXP_3H	34	-116.63	TAS	132.17	0.00	142.46
V>>N-LTUT_G	2	-4.12	VIC	131.66	0.00	142.37
T>>T_NIL_BL_EXP_6E	1990	-1488.66	TAS	129.17	41.39	14000.00
N>>N-NIL_DPTX	3	-49.85	NSW	128.47	0.00	270.99
T::T_HA_GT_PM_4	70	-7023.89	TAS	124.54	71.06	5274.18
T>>T_NIL_BL_EXP_5F	478	-1705.92	TAS	122.34	51.92	13100.00
Q:N_950	7	-392.47	QLD	122.26	0.86	306.05
V^^S_TBCB94_35_SETB	4	-10.29	VIC	122.09	0.00	221.95
S>>PATW_MKRB_WEMWP4	16	-179.30	SA	121.14	1.91	322.16
T^V_NIL_11	36	-443.30	TAS	121.12	24.91	1196.93
N>>N-BYSW_B	20	-171.20	NSW	120.33	0.17	301.72
T_FASH_MAXGEN_1	241	-10191.97	TAS	120.20	60.92	9238.95
T^^V_GTSH_1	30	-66.88	TAS	119.49	1.63	348.89
S^NIL_PL_MAX	221	-261734.57	SA	118.75	62.76	13300.30
Q>NIL_TR_TX1_4	2017	-1484.38	QLD	118.20	62.15	13100.00
T_T_BA_JB_RC2_250	199	-1941.29	TAS	117.45	66.93	9238.95
T>T_NIL_BL_IMP_6E	164	-2210.17	TAS	117.14	78.05	13100.00
V>>N-LTUT_A	1	-123.69	VIC	116.82	0.00	116.82
V>V_ROYP6_1AR	58	-43821.33	VIC	116.58	0.00	150.09
S>>NIL_SETB_SETB_1	178	-24.31	SA	116.11	0.42	375.57
V>>V_NIL_5	962	-176.02	VIC	114.67	15.12	6128.17
Q_FNQ_220	19	13269.98	QLD	114.23	0.00	295.93
S>>NIL_SETB_KHTB1	5531	-224.03	SA	112.58	15.59	13329.95
S>NIL_NIL_NWMH2	785	-5941.49	SA	112.03	75.36	13160.01
V::S_KHKN_SETB	7	-12.72	VIC	111.56	0.00	137.93
V^^S_NIL_TBSE_1	1	-140.82	VIC	111.51	0.00	111.51
S>>KHKN_SETB_SGKH	856	-34.45	SA	106.19	0.09	326.51
V::S_NIL_SETB_SECP	130	-26.75	VIC	105.73	0.06	307.96
S>BRTW_MKRB_CNRB	1	-141.99	SA	105.72	0.00	105.72
S>>DVBL_RBTU_WEWT	7	-79.11	SA	104.42	0.00	160.98
V::S_KHTB1_SETB	23	-36.19	VIC	102.37	0.00	114.84
V::N_HWSM_Q2	1	-5.48	VIC	100.81	0.00	100.81
T>TU_LE_WA1_TUO_2	153	-350.09	TAS	100.19	83.66	13099.63
S>>BRMN_BRTW_HUWT	4	-37.21	SA	99.91	0.00	124.99
N>N-ARCH_TE_1	7	-360001.25	NSW	99.52	0.00	104.10
T>T_NIL_BL_IMP_7CC	1232	-385.63	TAS	99.00	0.00	295.49
S>>BWMP_DVBG_RHBR-T	3	-414000.00	SA	98.51	0.00	98.71
S>>BRDV_RBTU_WEWT	44	-3495.25	SA	98.01	0.29	312.72
S>>BRTW_RBTU_RBPA	2	-38.35	SA	97.83	0.00	105.72
S>>NIL_TBCG_TBTU_1	450	-45.02	SA	97.11	29.48	13160.01
S>>RBTX1_RBTX2_WEWT	231	-37.47	SA	95.26	28.56	6794.04
V^^S_KHKN_SETB	2	-4.57	VIC	95.20	0.00	98.81
N^^V_DDMSX5_1	353	-73.64	NSW	94.80	0.00	267.16
S>>KHTB2_SETB_KHTB1	385	-86.66	SA	94.45	2.53	590.07
V::S_TB_275KV_W_B_1	2786	-435.70	VIC	94.38	0.53	433.22
T>>T_NIL_BL_EXP_3F	4	-15.94	TAS	94.32	0.00	122.28
T_ROCOF_1	463	-29.86	TAS	91.90	0.00	172.49
S>>MOTB_TBTU_TBCG	434	-17.26	SA	91.25	0.21	343.38
S>BRTW_BWPA_MKRB	8	-180.46	SA	90.85	0.00	96.90
V::S_BNMT_MAXG_2	24	-6.41	VIC	88.84	0.00	101.77
V>>SML_NIL_8	699	-68246.80	VIC	88.64	19.68	5651.49
N::V_MNYS_2	12	-170.45	NSW	88.52	0.00	298.81
V:SS_790_DYN	1	-136.17	VIC	88.01	0.00	88.01
S>>V_KNPW_SETX_SETX	168	-252.61	SA	87.20	1.04	360.81
Q:N_NIL_BCK2L-G	23	-2833.19	QLD	87.04	0.00	290.84
T>T_NIL_BL_6A	1	-83.67	TAS	86.55	0.00	86.55
S>>NIL_RBPA_WEWT	5	-66.51	SA	85.99	0.00	124.99
N>>V-X_BUDP_DDMS_A	2	-29.09	NSW	85.96	0.00	105.96
V_HYMO2_1	10	-362790.22	VIC	85.52	0.00	96.43
Q:N_BI_POT_-050	40	-95.25	QLD	84.87	0.00	289.99
V:SS_790_HY_TEST_DYN	2	-90.51	VIC	84.60	0.00	99.91
V::S_KHKN_SETB_2-DS	1	-124870.21	VIC	83.70	0.00	83.70
T^T_NIL_BL_6_DS	42	-84.81	TAS	83.61	4.77	500.30
S>>KHSG_SETB_PWKN	280	-37.59	SA	83.42	3.90	371.50
N>>N-DTSS_20	52	-54.11	NSW	81.44	4.37	527.17
Q>NIL_BI_FB	39437	-3672.88	QLD	80.59	14.88	14000.00
S>>BWPA_BRTW_WTTP	59	-21.63	SA	80.45	2.59	350.99
N^N-X_96H_LS_SVC	80	-188128.15	NSW	80.40	0.00	151.16
V>V_HWJL3-4_RAD	61	-912.18	VIC	79.84	0.00	269.09
S>>CNDV_BLDV_WEWT	4	-25.39	SA	79.77	0.00	79.99
V^SML_NSWRB_2	4639	-6728.80	VIC	78.59	10.73	12000.00
V>V_NIL_RADIAL_3-4_5	2	-567.09	VIC	78.18	0.00	103.03
V::S_PP+TIPSB_MG_2	37	-190.33	VIC	77.79	0.00	100.57
V>V_NIL_RADIAL_3-4_7	8	-71.45	VIC	77.77	0.00	129.00
N>>V-NIL_O	26	-574.41	NSW	77.72	0.00	145.19
V::N_DDWO_V4	4	-233.47	VIC	77.71	0.00	178.38
V:S_ARDM_560	78	-15.65	VIC	77.65	0.00	132.32
Q_RS_260	66	193490.37	QLD	77.54	0.00	163.02
V:S_550	47	-63.17	VIC	77.48	0.00	107.62
V:S_570_HY_TEST_DYN	81	-23.64	VIC	77.28	0.00	299.38
T>T_LIPM_110_2A	1059	-568.43	TAS	76.91	0.00	133.96
V^^S_NIL_SETB_SECP_1	2	-30.17	VIC	76.88	0.00	77.89
Q:N_DM_CB_AR_2L-G	129	-29.46	QLD	76.87	0.00	266.24
T>T_X_BWLF_TUMBNN1_3	2	-87.10	TAS	76.71	0.00	89.92
N>>N-DTSS_20_OPEN	34	-529.39	NSW	76.67	11.68	365.07
V>>S_KNPW_SETB_SGKH	883	-158.75	VIC	76.35	0.00	299.90
N^^Q_TW_330_BUS1_B1	48	-4182.39	NSW	76.22	0.00	299.60
S:V_420	23	-52.51	SA	75.33	0.00	124.99
V:S_SA_PSS	63	-15.31	VIC	74.91	0.00	299.90
T>>T_GTHA_EXP_3G	5	-26.68	TAS	74.73	0.00	144.84
V:S_570_HY_TEST	11	-17.70	VIC	74.61	0.00	114.18
T>T_GTSH_IMP_4K	1359	-161.73	TAS	73.93	0.32	349.21
T:T_LIPM_1	7	-47.15	TAS	73.58	0.00	134.67
T::T_GTSH_2	9	-28.41	TAS	73.39	0.00	96.45
T>T_NIL_LIPM_N-2_2A	244	-38758.11	TAS	73.11	0.00	280.24
T::T_NIL_5	2	-40.25	TAS	72.62	0.00	98.12
T^V_GTSH_1	8	-9.49	TAS	72.30	0.00	151.46
V::S_PP+TIPSB_MG	39	-26.95	VIC	72.10	0.00	99.00
S>NIL_NIL_SGBN	3	-1072.08	SA	72.08	0.00	80.00
N^^V_LTMS	1	-11.87	NSW	71.78	0.00	71.78
S>>NIL_TBTU_TBMO_1	56	-19.65	SA	71.77	0.00	159.82
N^^V_NIL_2	137	-1110.42	NSW	71.73	0.00	276.00
V>>S_MOTB_TBCG_TBTU	17	-47.27	VIC	71.26	0.00	128.71
N^^V_LTUT_2	9	-107.23	NSW	71.22	0.00	113.81
V:SS_790_HY_TEST	1	-5.50	VIC	70.98	0.00	70.98
V^^S_TB_275KV_E_SETB	288	-13.09	VIC	70.62	0.00	299.90
V:S_X-PA_S+P_525	65	-8.91	VIC	70.46	0.00	239.55
T^T_NIL_BL_5_DS	1	-483000.00	TAS	70.28	0.00	70.28
V:S_570	12	-11.22	VIC	70.08	0.00	91.27
N::V_DDMS	20	-9955.78	NSW	70.05	0.00	105.96
T_T_FASH_5_N-2	79	-8673.14	TAS	69.77	19.85	1093.69
T>T_NIL_BL_IMP_5FF	1234	-658.35	TAS	68.83	22.77	13100.00
V>>S_TB6125+28_KHTB1	118	-60.79	VIC	68.51	0.00	299.90
T>T_GTSH_IMP_4D	91	-27.05	TAS	68.19	0.00	166.04
S>>X_TBTU+CB_TBCG_2	1	-23.82	SA	67.71	0.00	67.71
T>T_GTSH_IMP_4A	127	-14.11	TAS	67.34	0.44	356.51
Q>N-MUTE_757	471	-18730.24	QLD	67.23	0.00	236.14
V:S_600_HY_TEST	1244	-1677.99	VIC	67.09	0.18	418.40
V::S_NIL_SETB_SECP_2	11	-17.96	VIC	66.99	0.00	128.46
S>>X_TBTU+CB_TBCG_1	69	-19.91	SA	66.98	0.00	70.80
T>T_TUNN3_110_1	85	-860.09	TAS	66.96	0.00	220.80
V::S_KHSG_MAXG	32	-29.89	VIC	66.61	0.00	88.87
V:S_570_DYN	36	-19.14	VIC	66.38	0.00	120.42
V::N_DDSM_S2	4	-117.99	VIC	66.02	0.00	88.65
V^^S_TBTX4_MAXG	314	-31.44	VIC	65.46	0.00	163.04
V>V_NIL_ROYP56_R2_3	20	-82846.66	VIC	65.32	0.00	86.04
Q^^TR_CLHA_-550	1	-23.91	QLD	64.93	0.00	64.93
V>>N-MSUT_2	2	-4.81	VIC	64.66	0.00	80.03
T_T_FASH_HM_OPEN_1	23	-43.16	TAS	64.55	0.00	118.09
V>>V_NIL_8	45	-73375.43	VIC	64.45	0.00	278.19
S>>XSEVC2+CB_SETB1_4	69	-13.85	SA	64.39	0.00	70.80
S>DVBG_BWMP_RHBR-T	8	-1251.66	SA	64.26	0.00	79.99
V^^S_PWSE_MAXG	166	-19.52	VIC	62.92	0.00	97.25
T>T_GTSH_IMP_4F	56	-14.87	TAS	62.64	1.01	356.51
V>>S_NIL_SETB_KHTB	41	-35.76	VIC	62.34	0.00	96.86
Q>NIL_BI_CAGS_CLOSED	177	-2394.08	QLD	62.12	0.00	99.99
V>>SML_BABE_4	1	-15.02	VIC	61.76	0.00	61.76
S>>XSEVC1+CB_SETB2_4	79	-9.32	SA	61.75	0.00	70.80
V>>SML_NIL_CONT_7C	1	-1.38	VIC	61.63	0.00	61.63
N>>N-DTKV_E_15M	60	-31.51	NSW	61.62	0.00	90.51
V::S_X_KHTB1+SG_SETB	25	-17.27	VIC	61.60	0.00	74.82
N>N-ARCH_87_TE_C1	21	-3.97	NSW	61.59	0.00	101.51
N>>N-CNUT_HA	6	-7.05	NSW	61.55	0.00	68.29
S>>X_PA_E_BUS+TPRS_2	1	-26.23	SA	61.29	0.00	61.29
V::S_PWSE_SETB_2	1	-50144.27	VIC	61.27	0.00	61.27
V>>S_KHTB2_SETB_KHTB	2	-16.36	VIC	61.21	0.00	61.97
V^^S_MLSY_2	128	-9.21	VIC	61.18	0.00	268.92
V>NWB6024_TX1	16	-19.25	VIC	61.11	0.00	76.32
N>>V_DBUSS_1	294	-141.13	NSW	60.79	0.00	119.85
N^^V_DDSM2	41	-67.51	NSW	60.74	0.00	99.80
V>>V_BTRT_SMF2_KT_DR	26	-41.15	VIC	60.44	0.29	307.54
N^N_KKLS_1	2487	-13.57	NSW	60.36	5.15	13100.00
N>>N-NIL_1A_OPENED	13	-15.99	NSW	60.03	0.00	71.18
V>SMLKGRC1	6	-53.62	VIC	59.97	0.00	73.29
Q>>RGLC_CLWU_BCCP	1	-4.59	QLD	59.90	0.00	59.90
T>>T_HAPM_EXP_3A	1	-15.57	TAS	59.83	0.00	59.83
V::S_NIL_TBSE_1	60	-18.52	VIC	59.48	0.00	122.00
S>>NIL_TBTU_TBMO	1440	-21.23	SA	59.45	9.10	10759.20
N>N-ARTW85_1B	5	-27450.85	NSW	59.24	0.00	64.67
N^^Q_NIL_B2	4	-17.73	NSW	59.13	0.00	62.37
V:S_600_HY_TEST_DYN	4729	-3282.16	VIC	59.12	0.01	314.51
T>T_GTSH_IMP_4E	72	-15.96	TAS	59.04	0.00	255.21
N>N-KKLS_TE_2	8	-4.42	NSW	58.98	0.00	62.00
S>>X_CGTB+TB35+36_08	142	-43.27	SA	58.59	0.00	139.95
V>SML_BUDP_2	573	-1172.18	VIC	58.57	0.00	290.00
T>>T_GTHA_EXP_3GH	28	-19.20	TAS	58.51	0.00	89.03
V::S_NIL_TBSE	2236	-604.91	VIC	58.48	0.00	299.90
V::S_NIL_MAXG_AUTO_2	942	-842.21	VIC	58.35	0.00	156.79
V^^S_SETB_SETB	12	-80531.37	VIC	58.28	0.00	107.96
N^^Q_MPP_N-2	194	-14.24	NSW	58.24	0.00	119.90
V>>SML_NIL_MLTS_N-2	341	-231.59	VIC	58.23	0.03	307.37
S>V_NIL_NIL_HYTX1	14	-586515.49	SA	58.17	3.68	351.50
V>S_460_DYN	391	-28.04	VIC	58.02	0.00	214.53
V_HYML1_2	13	-389772.72	VIC	58.01	0.00	99.90
S>SE132BUS_SETX_SGKH	1	-1050.45	SA	57.96	0.00	57.96
V::S_TBCB6594_MAXG_2	9	-12.11	VIC	57.66	0.00	59.20
T^T_LI_CL_CS_5_DS	8	-181182.24	TAS	57.65	0.00	180.42
S>SE132CB_SETX_SGKH	66	-95164.03	SA	57.56	0.00	79.99
N^N_CHLS_1	162	-3.77	NSW	57.46	0.00	89.95
V>V_HWRO12_1AR	11	-35744.92	VIC	57.46	0.00	60.49
Q>>NIL_855_871	2	-1.65	QLD	57.33	0.00	58.99
V^^S_MOTB_MAXG	181	-5.06	VIC	57.25	0.00	174.32
S>>NIL_TWPA_TPRS	4	-40.11	SA	57.12	0.00	92.15
N^^V_SMTXH1_1	39	-18.37	NSW	56.95	0.00	89.75
V>V_HWJL2_RADIAL_7	1	-6.42	VIC	56.81	0.00	56.81
V>V_HWA34_OP2_2	20	-42323.15	VIC	56.80	0.00	96.31
N>N-NIL_8C_8E	2	-35.23	NSW	56.68	0.00	82.24
N^^Q_ARTW_MPP_N-2	29	-6.18	NSW	56.55	0.00	59.80
N>>N-NIL_1A_CLOSED	2	-2.93	NSW	56.33	0.00	56.47
T>T_GTSH_IMP_4H	4	-10.87	TAS	56.19	0.00	71.09
N^^Q_NIL_B3	9	-19.47	NSW	56.17	0.00	61.84
V^^S_MOTB+PAVC_MAXG	115	-13.11	VIC	56.14	0.00	61.97
N>N-NIL_LSDU	359	-742.73	NSW	56.12	0.00	299.80
N>N-NIL_TE_E2	22	-61.25	NSW	55.82	0.00	208.98
S>XKHTB1+2_SETX_SETX	306	-2162.52	SA	55.48	0.20	360.81
Q>CLWU_CLST	1	-5.70	QLD	55.47	0.00	55.47
N>>N-DTKV_8N	3	-7.47	NSW	55.38	0.00	55.90
N>N-CHLS_TE_A1	10	-2.19	NSW	55.37	0.00	55.99
V::S_TBCP_MAXG_2	30	-12.72	VIC	55.27	0.00	67.67
N^^V_SMTXH2_2	2	-2.25	NSW	55.18	0.00	56.36
V::S_SEVC_MAXG_2	27	-17.46	VIC	55.14	0.00	58.14
S>>V_NIL_SETX_SETX1	212	-231.82	SA	55.06	0.04	307.55
S>V_460_DYN	1	-0.27	SA	54.99	0.00	54.99
S>>KHKN_SETX_SETX	4	-893.11	SA	54.99	0.00	54.99
V>>S_TBTU_TBCG_TBMO	27	-17.83	VIC	54.88	0.00	55.50
T_X_GTHA_2	2	339556.97	TAS	54.82	0.00	55.16
N^^V_NIL_1	8320	-379.74	NSW	54.46	0.00	290.00
N>>N-WWSS+WWIG_3	51	-1.40	NSW	54.38	0.00	61.92
V::S_SESG_SETB	28	-8.93	VIC	54.27	0.00	55.21
V>V_HWA34_OP2_1	68	-19232.46	VIC	54.21	0.00	97.90
T>T_GTHA_1F	17	-17.27	TAS	54.19	0.00	144.84
V>>SML_NIL_CONT_7A	2	-362.92	VIC	54.07	0.00	85.81
V>>V_HWPS-RO_3-5_4	3	-2.09	VIC	53.77	0.00	53.80
S>>NIL_SETB_KHTB2	1206	-653.93	SA	53.61	1.76	2375.96
N>>V-LTMS_5	2	-2.73	NSW	53.59	0.00	53.86
N::Q_BWMP_KC	43	-43.54	NSW	53.44	0.00	59.85
N^N-89_LSTX_SVC	36	-54925.83	NSW	53.41	0.00	61.98
N>>N-NIL__3_15M	4	-27.61	NSW	53.20	0.00	53.64
T>T_HAPM_IMP_4D	15	-15.64	TAS	53.07	0.00	89.78
N^^V_MSDD1	39	-7.62	NSW	53.06	0.00	54.07
V^^S_CGMB_SECP_MAXG2	4	-8.94	VIC	53.06	0.00	53.25
V^^S_SECP_MAXG	8	-7.00	VIC	53.05	0.00	55.05
N>>N-NIL__2_15M	2	-45.94	NSW	53.05	0.00	53.10
Q>>NIL_871_855_POST	25	-22.59	QLD	53.03	0.00	86.51
V>>S_PWSE_SETB_SGKH	483	-71.92	VIC	53.01	0.00	94.59
N>N-NIL__4_15M	25	-22.43	NSW	52.91	0.00	55.09
N^^Q_NIL_B4	33	-8.84	NSW	52.82	0.00	53.90
N::Q_30+38_KC	11	-1.07	NSW	52.79	0.00	53.01
V^^S_TBCP_SETB	1	-10.69	VIC	52.35	0.00	52.35
V^^S_MLSY_3	426	-31.29	VIC	52.25	0.00	292.42
Q>N-MUTE_758	553	-766.03	QLD	52.07	0.00	216.88
N>>N-RGSW_A	5	-3.68	NSW	52.07	0.00	53.00
V^^S_MTSE+PAVC_MAXG	47	-236.95	VIC	52.04	0.00	52.90
V^^S_KNPW+PAVC_MAXG	34	-51.06	VIC	52.01	0.00	55.29
V>EPTT	2	-51.98	VIC	51.98	0.00	52.21
N^Q_ARTW_1	127	-12.93	NSW	51.93	0.00	59.84
V>>N-JNWO_RADIAL_1	50	-23.15	VIC	51.89	0.00	66.84
T_T_FASH_7_N-2	115	-22.06	TAS	51.86	0.00	99.02
N^Q_AR_330_BS5_1	9	-17.12	NSW	51.75	0.00	62.10
N>>N-BYYS_4	7	-121.51	NSW	51.64	0.00	53.01
N^^Q_AR_330_BS1_1_B2	1	-6.12	NSW	51.51	0.00	51.51
V>SMLBSRC2	14	-269.67	VIC	51.48	0.00	53.00
V>SMLBAHO4	1422	-2087.50	VIC	51.41	0.00	299.90
T>T_GTSH_2C	72	-4.26	TAS	51.32	0.00	183.86
V::N_X_MLSM_EMTT_V2	49	-12.77	VIC	51.24	0.00	82.38
N_X_MBTE_3A	25727	-790.81	NSW	51.23	0.02	365.07
N^^Q_BCDM_B1	64	-9.70	NSW	51.17	0.00	99.44
T_X_GTSH_2	2	258000.00	TAS	51.14	0.00	51.32
T>T_PMSH_IMP_4C	8	-16.56	TAS	51.12	0.00	127.83
N>N-96H+96R_TE_1	8	-367500.09	NSW	51.06	0.00	74.14
T>T_NIL_BL_220_6B	87	-17.63	TAS	50.87	0.00	126.77
V^^S_NIL_MAXG_AUTO_2	733	-9.74	VIC	50.81	0.00	61.97
N^^Q_AR_VC_B2	1	-221.54	NSW	50.73	0.00	50.73
V^^S_PAVC_MAXG	492	-14.62	VIC	50.70	0.00	122.96
V^^S_SEVC_MAXG	16	-2.43	VIC	50.63	0.00	53.00
V>>V-HWLY_3	47	-4.99	VIC	50.61	0.00	56.48
Q>>NIL_855_871_POST	10	-3.22	QLD	50.59	0.00	52.64
V>>S_RBTU2_BUPA_BRPA	4	-8.18	VIC	50.49	0.00	51.78
N^^Q_NIL_B5	4	-25.21	NSW	50.36	0.00	52.78
V>V_X_ROYP_78_8	31	-8.63	VIC	50.12	0.00	51.83
V>>V_KTS_TX_A2_2_P	64	-7.88	VIC	50.00	0.00	93.18
V::N_SMCSQD_R	3	-6.83	VIC	49.95	0.00	93.44
N^Q_AR_330_BS1_1	75	-2.57	NSW	49.78	0.00	53.49
V_HYML1_5	35	-405160.98	VIC	49.62	0.00	54.55
N>>N-NIL__3_CLOSED	201	-29.80	NSW	49.56	0.00	146.13
T>T_HAPM_2B	79	-10.62	TAS	49.53	0.00	54.18
T>T_PMWA_IMP_4D	27	-6.69	TAS	49.52	0.00	78.39
T>T_NIL_BL_IMP_5F	2322	-447.18	TAS	49.51	5.91	12677.95
N^^Q_ARDM_B1	55	-59.47	NSW	49.45	0.00	82.35
V>>S_RBTU_N-2_BRTW	3	-244271.30	VIC	49.39	0.00	50.24
V>>V_EPMB_1B	24	-48.53	VIC	49.27	0.00	259.61
N>N-LSTN_TE_C1	136	-46.49	NSW	49.27	0.00	65.48
V>>V_BAELML_1	35	-96.83	VIC	49.22	0.00	98.38
N^Q_TW_330_BUS3_1	82	-11.20	NSW	49.06	0.00	52.50
V^^S_NIL_MAXG_AUTO	3507	-147.92	VIC	49.04	0.00	249.81
V>>V_KTS_TX_A3_2A_R	389	-21.90	VIC	49.02	0.00	190.17
N_X_MBTE2_A	3142	-1697.18	NSW	49.00	4.20	13500.00
V::N_X_HWSM_ROTX_S1	47	-91.27	VIC	48.95	0.00	113.63
N_X_MBTE_3B	63662	-778.00	NSW	48.94	1.04	12008.00
N:Q_AR_BUS5_N-2	38	-1.00	NSW	48.94	0.00	49.44
S>V_NIL_NIL_HYTX2	3	-1074205.63	SA	48.86	0.00	64.99
N>N_LSDU_9U6_1	55	-22.39	NSW	48.84	0.00	99.60
V:S_PA_SVC_600	487	-44.93	VIC	48.79	0.00	288.12
T>T_GTSH_5K	132	-9.44	TAS	48.73	0.00	117.89
N^^Q_NIL_B1	14069	-219.74	NSW	48.69	1.86	13500.00
V>SML_BUDP_5	41	-20.12	VIC	48.59	0.00	269.71
V::S_NIL_TBSE_2	1258	-2391.33	VIC	48.41	0.00	287.17
V^^S_RBTU2_MAXG	135	-15.04	VIC	48.26	0.00	77.14
T>T_FASH_1_2_C1	578	-35.41	TAS	48.19	0.00	98.13
T>T_X-TUWA_TUTA2_1	2	-48.89	TAS	48.04	0.00	49.11
T_ROCOF_2	2	-13.72	TAS	48.01	0.00	48.01
S>>DVBL_BWPA_BRTW	40	-47.07	SA	47.87	0.00	80.57
N>>N-NIL__3_OPENED	1346	-1363.63	NSW	47.86	0.00	299.80
T>T_TUNN2_1	11	-32.90	TAS	47.81	0.00	54.91
V:S_PA_VC-POD_600	479	-19.23	VIC	47.79	0.00	169.32
T>T_FASH_3_N-2	12	-32816.91	TAS	47.71	0.00	98.30
V::S_MOTB_MAXG_2	2	-19.13	VIC	47.60	0.00	48.11
V^^S_TBCPTX_MAXG	160	-52.95	VIC	47.55	0.00	225.70
Q:N_AR_CP2_AR_2L-G	199	-9.66	QLD	47.48	0.00	250.57
S>MYTX1_MYTX2	304	-81.99	SA	47.33	0.00	267.35
N_X_MBTE2_B	24174	-20581.81	NSW	47.31	6.07	13594.71
V:S_PA_SVC_550	3	-12.03	VIC	47.29	0.00	49.04
T>T_FASH_1_2_C2	1	50.94	TAS	47.26	0.00	47.26
V::N_SMF2_S1	79	-13.95	VIC	47.23	0.00	96.25
T>T_GTHA_IMP_4L	56	-11.38	TAS	47.19	0.00	63.96
V>>V_SMTXF2_3P	10	-1.80	VIC	47.14	0.00	47.66
V>>N-NIL_HH	6	-12.05	VIC	47.11	0.00	53.54
T>T_GTHA_IMP_4K	187	-13.68	TAS	47.05	0.00	57.35
N>LSDU_LSDU	1756	-40.66	NSW	47.04	0.00	290.00
V::N_2RPVB_R	8	-2.36	VIC	47.02	0.00	47.25
V>>S_KH_X_SETB_SETB	211	-22.04	VIC	47.00	0.00	256.50
V::N_2RPVC_R	3	-2.10	VIC	46.99	0.00	46.99
V>>S_NIL_PWKN_SGKH	1967	-710.63	VIC	46.96	7.54	8729.08
V::S_SEVC_MAXG	104	-9.91	VIC	46.91	0.00	137.51
N^^V_DDWG	70	-12.50	NSW	46.91	0.00	56.55
V::N_NIL_S2-400	7	-49.10	VIC	46.84	0.00	75.04
V>V_NIL_RADIAL_3	14	-41.55	VIC	46.77	0.00	52.20
V>>N-CNUT_HB_15M	16	-20.57	VIC	46.76	0.00	72.02
N^^V_MSDD2	132	-36.47	NSW	46.75	0.00	103.73
T>T_HAPM_220_5A	9	-3.86	TAS	46.69	0.00	48.33
S>>X_SESVC2+CB_2	2	-6.04	SA	46.57	0.00	47.20
T>T_GTHA_IMP_4J	121	-15.00	TAS	46.55	0.00	54.23
T>>T_GTHA_EXP_3H	73	-4.80	TAS	46.40	0.00	58.74
T>T_X_TU_LE_WA_TWO	44	-47.20	TAS	46.40	0.00	49.85
T>T_NIL_BL_IMP_6EE	55	-18.67	TAS	46.31	0.00	220.98
T_X_TUWA2_CRNN_1	25	-47.10	TAS	46.23	0.00	50.70
V>>S_RBTU2_BRPA_WTTP	23	-17.08	VIC	46.09	0.00	85.60
S>>BWMP_BGBR_HUWT	45	-63.90	SA	46.06	0.49	322.16
V>V_HW_TX12_35_OPT2	26	-233.02	VIC	46.05	0.00	69.92
V_HYML1_1	5	-4773600.00	VIC	46.04	0.00	99.90
S>>X_SESVC2+CB_4	2	-6.99	SA	46.04	0.00	46.09
V^^S_SETX1_2_MAXG	2	-1.45	VIC	45.90	0.00	47.14
N>N-CMWI_TWO	3	-45.85	NSW	45.85	0.00	48.88
T>T_HAPM_IMP_4K	2	-9.52	TAS	45.85	0.00	46.21
N>>Q-LDTW_2	82	-673.99	NSW	45.80	0.00	278.81
N^Q_AR_VCA	41	-43.22	NSW	45.76	0.00	141.28
T>T_HAPM_IMP_4B	1	-8.44	TAS	45.68	0.00	45.68
V>>N_SMTXF2_2	29	-2.55	VIC	45.67	0.00	46.93
T>T_GTSH_2A	1	-0.21	TAS	45.65	0.00	45.65
T>T_HAPM_1B	140	-8.37	TAS	45.62	0.00	59.83
V>>V_CBTS_TX_3A_R	2	-2.88	VIC	45.50	0.00	45.68
S>>X_TBTU+CB_CGTB_4	52	-2.23	SA	45.46	0.00	50.74
S>V_CB6033+6225_TX2	512	-6.83	SA	45.44	0.06	325.71
V_HWMW	46	-10289793.30	VIC	45.44	0.00	60.78
T>T_X-TUWA_TUTA2_2	3	-46.21	TAS	45.44	0.00	49.15
V:S_XPAVC_540	2	-3.91	VIC	45.36	0.00	46.85
T>T_HAPM_110_IMP_4P	7	-2.12	TAS	45.30	0.00	47.67
V^S_HYCP	1069	-549.28	VIC	45.21	0.03	324.25
V::S_NIL_MAXG_SECP	173	-130.12	VIC	45.18	0.00	294.22
V_APHY1_2_1	1	-42.73	VIC	45.16	0.00	45.16
T>T_TUNN2_2	10	-41.57	TAS	45.14	0.00	46.94
T>T_NIL_BL_3C	593	-7.34	TAS	45.11	0.00	218.90
V>>V_CBTS_TX_3B_R	4	-2.99	VIC	45.08	0.00	45.75
V:S_PA_SVC_575	1484	-35.30	VIC	44.98	0.00	266.11
T::T_NIL_2	512	-15.15	TAS	44.94	0.00	99.13
V>S_NIL_NIL_HYTX1	143	-8.83	VIC	44.92	0.00	121.00
N^Q_NIL_A	1215	-303.64	NSW	44.89	0.00	299.60
T>T_HAPM_IMP_4C	19	-8.06	TAS	44.87	0.00	45.91
T>T_HAPM_110_IMP_4B	11	-2.74	TAS	44.81	0.00	47.67
V>S_460	8521	-679.45	VIC	44.80	0.00	326.15
V::S_SETB_TBSE_1	1798	-670.39	VIC	44.79	0.06	412.90
T::T_NIL_4	611	-14.16	TAS	44.57	0.00	265.00
V::N_HWSM_V1	76	-3.45	VIC	44.57	0.00	50.15
N^^Q_ARTW_B1	243	-1638.35	NSW	44.43	0.00	79.14
T>T_GTHA_5L	345	-11.43	TAS	44.43	0.00	66.66
V>>S_HYML_3	33	-4.80	VIC	44.41	0.00	62.04
S>MYTX2_MYTX1	397	-61.86	SA	44.39	0.00	80.34
T>T_TU_LE_WA12_2	277	-43.61	TAS	44.38	0.00	98.29
V>>S_KHTB1_SETB_KHTB	363	-22.35	VIC	44.35	0.00	109.87
V>S_NIL_HYTX_HYTX	26685	-462.18	VIC	44.34	0.02	608.05
V::S_MOTB_MAXG	304	-19.95	VIC	44.31	0.00	107.75
V:S_MSUT_560	8	-4.63	VIC	44.24	0.00	47.46
N>>N-NIL__2_OPENED	17	-727.28	NSW	44.19	0.00	60.96
T>T_HAPM_IMP_4H	1	-4.35	TAS	44.18	0.00	44.18
Q>NIL_MUTE_758	2098	-4213.51	QLD	44.05	0.21	519.54
S>>PA6510_RBPA_TWPA	42	-91.21	SA	43.94	0.00	54.69
V::N_MSUTVF_R	3	-1.74	VIC	43.93	0.00	46.32
V>S_NWRB2_NWRB1	821	-1589.99	VIC	43.82	0.00	95.89
N^^V_MSUT_1	232	-35.18	NSW	43.79	0.00	55.76
V::S_NIL_TBSE_3	2	-8.43	VIC	43.77	0.00	46.17
S>>BRTW_BWPA_WTTP	297	-36.98	SA	43.76	0.00	124.99
V>>N-LTUT_B	19	-111.71	VIC	43.74	0.00	140.93
V>>V_NIL_ROYP56_P2_1	11	-37.18	VIC	43.74	0.00	54.20
T>T_HAPM_1A	34	-4.22	TAS	43.73	0.00	47.21
T>T_GTHA_2G	7	-0.33	TAS	43.73	0.00	46.76
V^^S_TB6594_35_SETB	12	-0.94	VIC	43.73	0.00	43.83
V::S_PWSE_MAXG	8	-7.30	VIC	43.71	0.00	50.39
V>V_HWTX1_PAR_3-5_2	1	-414000.00	VIC	43.69	0.00	43.69
T>T_GTHA_IMP_4O	68	-8.95	TAS	43.68	0.00	69.70
V::N_LTWGVB_R	31	-5.15	VIC	43.67	0.00	52.36
N>Q-MUTW_2	116	-11591.40	NSW	43.65	0.00	58.41
T>T_HAPM_5L	112	-10.21	TAS	43.63	0.00	142.46
V>>S_NIL_KHTB2_KHTB1	3210	-91.25	VIC	43.56	0.05	326.78
T>T_HAPM_110_IMP_4A	3	-1.37	TAS	43.55	0.00	44.03
V>>S_NIL_SETB_SGKH	16005	-397.35	VIC	43.49	0.00	312.71
V::N_BYPASS_HW_SY_VE	6	-0.95	VIC	43.48	0.00	43.99
V^^S_XPAVC_SETB_2	120	-15.48	VIC	43.45	0.00	65.33
V>S_APHY2_NIL_HYTX2	86	-95.29	VIC	43.42	0.00	55.63
T>T_GTHA_IMP_4I	198	-9.69	TAS	43.33	0.00	57.21
T>T_GTHA_IMP_4H	12	-7.30	TAS	43.32	0.00	46.58
V::N_MSUTVC_R	342	-4.06	VIC	43.17	0.00	52.17
N^^Q_AR_VC_B1	472	-245.05	NSW	43.13	0.00	112.97
N^^V_LTUT_1	42	-11670.73	NSW	43.10	0.00	108.76
V>>V_KTSY_2_R	34	-2.45	VIC	43.10	0.00	46.95
T>T_X_BWLF_TUMBNN1_1	111	-114.93	TAS	43.09	0.00	90.52
Q>NIL_MUTE_757	696	-6687.92	QLD	43.08	0.23	433.89
S:V_SA_PSS	6	-10.13	SA	43.05	0.00	74.71
V>>V_ROTT_R_2A	5	-1.98	VIC	43.04	0.00	43.75
V^^S_BLKRG_TBSE_2	136	-3662.10	VIC	42.97	0.00	231.48
T>T_GTHA_1E	156	-3.84	TAS	42.97	0.00	50.28
V::S_SETXCB6_SETB	20	-9.64	VIC	42.96	0.00	50.72
V::N_BAHO_V2	11	-114.00	VIC	42.84	0.00	87.93
V::N_MSUTVB_R	82	-3.81	VIC	42.74	0.00	50.91
S>NIL_SGBN_SGSE-T2	227	-635.68	SA	42.70	0.30	369.01
N>LSDU9U6_LSDU9U7	515	-307.35	NSW	42.64	0.00	299.80
V::S_BLKRG_TBSE_2	666	-8229.62	VIC	42.57	0.00	261.77
T>T_NIL_BL_IMP_5H	17	-7.83	TAS	42.57	0.00	46.16
V>>V_ROTT_R_2B	3	-1.72	VIC	42.57	0.00	43.31
T>T_PMSH_IMP_4A	45	-5.19	TAS	42.48	0.00	127.83
V::N_HWSM_SD	61	-16.25	VIC	42.46	0.00	93.96
V::S_XKHTB1+2_SETB	1453	-28.86	VIC	42.44	0.02	327.06
N^^V_EPMB_1	333	-22.74	NSW	42.44	0.00	65.42
T>T_TULEWA1_TUNN2_1	7	-42.19	TAS	42.29	0.00	51.64
T>TU_LE_WA1_TUO_1	1	-43.08	TAS	42.18	0.00	42.18
V::S_NIL_MAXG_2	1272	-808.99	VIC	42.03	0.00	274.34
V>>SML_BAML2_1	4	-69.03	VIC	41.99	0.00	43.70
V>V_NIL_RADIAL_3-4_3	1	-31.19	VIC	41.97	0.00	41.97
S>NIL_NIL_MYSG-T	1290	-55.48	SA	41.96	0.00	103.27
N::Q_BW_M_BUS_KC	3	-8453.86	NSW	41.94	0.00	41.96
Q^RS_TX_TX	1	-483000.00	QLD	41.90	0.00	41.90
V>SMLMHNW2	78	-28.76	VIC	41.89	0.00	75.81
V>S_NIL_NIL_HYTX2	155	-78.62	VIC	41.82	0.00	62.11
N_MBTE1_B	10862	-634.71	NSW	41.75	7.84	14000.00
T>T_PM_TX_1A	106	-4.86	TAS	41.72	0.00	46.41
T>T_GTHA_IMP_4N	4	-16.48	TAS	41.72	0.00	42.25
V::N_HWSM_V2	273	-32.87	VIC	41.68	0.00	291.67
V>>V-LTWG_RADIAL_2	1	-5.72	VIC	41.68	0.00	41.68
S>>BWPA_TWPA_TPRS	516	-52.70	SA	41.66	0.49	350.99
V::N_MSUTVD_R	4	-4.13	VIC	41.54	0.00	43.42
V:SS_PA_VC-POD_820	39	-25.37	VIC	41.38	0.00	85.01
T>T_NIL_BL_5C	786	-7.37	TAS	41.35	0.00	147.93
S>X_NWCB6225+6021_T1	985	-16405.32	SA	41.31	0.00	287.99
N^^Q_TW_330_BUS3_B3	2	-10.62	NSW	41.29	0.00	47.81
V>>N-X_MSUT_LTUT_B	46	-3.05	VIC	41.28	0.00	42.03
V>X_NWCB6225+6021_T1	916	-113.12	VIC	41.27	0.00	179.23
V>>V_ROTS_TX_3A_R	7	-7.41	VIC	41.23	0.00	47.78
V:S_500_HY_TEST	54	-16.43	VIC	41.19	0.00	79.63
V::N_MSUTVE_R	27	-4.10	VIC	41.13	0.00	44.88
V::S_NIL_MAXG_1	69	-7132.37	VIC	41.12	0.00	124.45
N^^V_DDSM1	56	-21.93	NSW	41.11	0.00	60.96
V::N_X_SMDDMS_V21_R	8	-5.62	VIC	41.10	0.00	41.48
V>>N-NIL_HG	44	-49.45	VIC	41.06	0.00	176.37
T_X_GTHA_1	18	-70.03	TAS	41.01	0.00	55.16
V::N_HYSEVB_R	1	-0.68	VIC	41.00	0.00	41.00
T>T_NIL_TOV_5FF	5	-4.57	TAS	40.99	0.00	43.90
V::N_DDWOVC_R	6	-6.61	VIC	40.96	0.00	42.61
V::N_MSUTQE_R	2	-4.60	VIC	40.91	0.00	40.91
T_ROCOF_3	46	-8820.58	TAS	40.82	0.00	154.16
S>>BWMP_DVBR_RHBG-T	176	-191.47	SA	40.75	0.00	300.75
V>>V_ROTS_TX_2_P	2	-0.97	VIC	40.68	0.00	40.69
V::N_LTWGVC_R	3	-2.93	VIC	40.67	0.00	46.99
V>>V_CBTS_TX_2B_R	47	-2.12	VIC	40.65	0.00	45.49
V::N_DDSM_V1	2	-3.66	VIC	40.63	0.00	40.63
T>T_NIL_TOV_5F	111	-4.00	TAS	40.62	0.00	54.72
V:S_500_HY_TEST_DYN	254	-13.45	VIC	40.53	0.00	221.01
V>>S_RBTU_N-2_WEWT	2	-57.32	VIC	40.52	0.00	41.35
T>T_PMSH_IMP_4B	7	-4.39	TAS	40.52	0.00	40.94
V::S_KNPW_MAXG	1	-1.92	VIC	40.52	0.00	40.52
T>T_HAPM_110_IMP_4Q	12	-0.34	TAS	40.50	0.00	42.97
V>>S_RBTU_N-2_WTTP	1	-5.18	VIC	40.32	0.00	40.32
T>T_TUMBNN1_110_1	1054	-630.51	TAS	40.31	7.43	5274.18
S>NIL_BWMP_RHBR-T	123	-215.02	SA	40.30	0.00	79.99
V>S_CB6033+6225_TX1	764	-71.97	VIC	40.27	0.00	99.90
V>>S_MSTU_TBTU_TBMO	9	-0.32	VIC	40.25	0.00	40.62
N>N-BAMB_132_OPEN_A	832	-91.00	NSW	40.17	0.00	299.80
N::Q_BWRG_KC	2	-230.01	NSW	40.14	0.00	40.48
V>>N-DDWO_RADIAL_1	13	-84.03	VIC	40.07	0.00	44.22
V::S_XKHTB1+2_MAXG	1777	-27.63	VIC	40.00	0.06	385.54
N^^Q_LS_VC_B1	53	-364.05	NSW	39.95	0.00	57.84
V>S_NIL_HYSE	79	-21043.90	VIC	39.85	0.00	99.26
V>>V-MSUT_1	1703	-4.81	VIC	39.74	0.00	69.71
V>>N-X_MSUT_LTUT	2	-0.97	VIC	39.53	0.00	40.63
V>>SML_NIL_7A	2115	-1487.84	VIC	39.33	0.00	295.70
T>T_NIL_BL_5B	31	-9.03	TAS	39.11	0.00	46.61
V>>SML_ARWB_6	53	-138.38	VIC	39.02	0.00	274.60
N_MBTE1_A	44	-114548.78	NSW	39.02	0.00	161.30
V::N_KTSY_MLSM_ET_V2	60	-25.26	VIC	39.02	0.00	87.60
S>V_NWRB_RBMWP3	2	-0.60	SA	39.02	0.00	41.42
T>T_PMSH_5E	5	-37.56	TAS	39.01	0.00	42.70
V::N_BYPASS_HW_SY_QB	3	-5.38	VIC	39.00	0.00	40.96
V:SS_720_HY_TEST_DYN	3	-17.64	VIC	38.95	0.00	39.55
V^^S_PWSE_SETB	19	-9.02	VIC	38.70	0.00	51.77
T>T_MBTU_110_1	44	-28.85	TAS	38.62	0.00	49.92
V>V_NIL_RADIAL_6	1	-405000.00	VIC	38.48	0.00	38.48
V>SMLHORC2	54	-10.01	VIC	38.42	0.00	54.28
V>SML_BUDP_1	10	-3.83	VIC	38.42	0.00	46.62
S>>KHSG_TBTU_TBMO	33	-2.87	SA	38.36	0.00	54.99
T>T_PMSH_IMP_4F	2	-33.42	TAS	38.17	0.00	38.19
V::N_MLTR_V2	6	-11.09	VIC	38.07	0.00	45.07
V::S_HYSE	400	-9.77	VIC	38.04	0.00	92.24
V>>V_MLSY_KTSBP_1AR	364	-16.93	VIC	37.96	0.00	137.03
V>>S_SETB_SETB_SGKH	4	-103510.68	VIC	37.93	0.00	41.15
V::S_NIL_MAXG_AUTO	6102	-344.85	VIC	37.90	0.00	299.90
V^^S_PATU_MAXG	341	-6.32	VIC	37.89	0.00	159.13
N>N-LS_TX_TE_B	27	-30.62	NSW	37.81	0.00	110.20
V>>S_NIL_SGBL_SGKH	20	-1.82	VIC	37.81	0.00	48.97
V>>S_SETB_SETB_KHTB1	22	-4.80	VIC	37.72	0.00	41.73
N::Q_BWTX_KC	13	-8.57	NSW	37.71	0.00	41.90
V:SS_SA_PSS_1	1	-1.76	VIC	37.65	0.00	37.65
N^^V_EPTT_1	4	-53.28	NSW	37.52	0.00	37.52
N^^V_MSUTLT_2	2	-4.27	NSW	37.51	0.00	37.51
V>>S_HYML_1	2758	-392.29	VIC	37.33	0.00	179.23
V:SS_820_HY_TEST	72	-25.83	VIC	37.21	0.00	149.44
T^V_NIL_8	921	-15.60	TAS	37.17	0.00	122.33
V>>V_NIL1A_R	496	-5.11	VIC	37.10	0.00	49.70
V::N_KTSY_SD	33	-9.85	VIC	37.01	0.00	82.53
V:SS_820_HY_TEST_DYN	270	-4010.03	VIC	36.99	0.00	152.53
V::N_MLSY_Q4	31	-38.66	VIC	36.96	0.00	83.99
V::N_BYPASS_HW_SY_V4	185	-55.10	VIC	36.80	0.00	112.73
T>T_FASH_2_N-2	27	-15.14	TAS	36.80	0.00	48.42
V::S_BLKRG_MAXG_2	415	-4778.51	VIC	36.76	0.00	295.37
V>>V_SMTXF2_6	145	-25.35	VIC	36.68	0.00	124.20
V>V_NIL_ROYP56_R5_1	52	-208.12	VIC	36.62	2.88	449.81
Q:N_TW330_CB5102_OSC	3	-1.84	QLD	36.59	0.00	37.97
Q>NIL_CLBCN_7350	3	-1036.55	QLD	36.55	0.00	37.61
N^^V_LTWG	300	-9.12	NSW	36.47	0.00	295.96
N>N-ARTW86_1B	83	-5272.95	NSW	36.47	0.00	53.80
T^V_NIL_BL_6	2802	-9.24	TAS	36.46	0.00	144.71
V::N_HWCB_S2	18	-13.25	VIC	36.40	0.00	41.34
V>NWCB6022+23+24_TX1	6	-8.02	VIC	36.36	0.00	37.28
T>T_SHGT_HAGT_N-2	9	-2.41	TAS	36.36	0.00	36.54
V::S_SETB_SETB	745	-1339.50	VIC	36.30	0.01	308.12
V>V_NIL_ROYP56_R2_1	333	-1404.59	VIC	36.12	0.16	330.73
V::N_KTSY_V2	118	-19.53	VIC	36.09	0.00	82.49
V>>S-SETX_SETB_SETX	292	-1434.19	VIC	36.06	0.00	53.38
T>T_TUBUS_SPLIT_1	22	-1035.30	TAS	36.05	0.00	45.22
V>>V_HWA34_OP2_3	51	-74.75	VIC	36.02	0.00	43.89
S>DVBL_BWPA_HUWT	75	-68.35	SA	35.91	0.00	64.99
N>Q_LSLS_9U8	421	-179.62	NSW	35.84	0.00	63.30
Q:N_AR_2L-G_-150	255	-4.74	QLD	35.76	0.00	52.75
V::N_SMCSVF_R	1	-7.01	VIC	35.58	0.00	35.58
N::Q_RGSW_KC	71	-14.50	NSW	35.45	0.00	66.49
S>DVBL_BWMP_RHBR-T	4	-200.80	SA	35.38	0.00	55.23
S>>BWMP_HUWT_RHBG-T	46	-27.34	SA	35.32	0.00	64.99
S>V_NIL_SEHY	1	-1.07	SA	35.25	0.00	35.25
V>>SML_BESH_3	37	-18.04	VIC	35.02	0.00	47.35
V:T_HAPM_BL_1	3	-7.62	VIC	35.00	0.00	35.00
V::N_LTWGQB_R	14	-5.81	VIC	34.93	0.00	41.38
T>T_TUBUS_TATU1_1	67	-35.53	TAS	34.92	0.00	43.35
N>N_LSDU_9U6_2	2	-9.22	NSW	34.89	0.00	37.73
N>N-GITN_TE_C1	3	-3.00	NSW	34.84	0.00	35.06
V>>N-BUDP_2N	695	-48.60	VIC	34.80	0.00	132.00
S>>V_NIL_SETX_SETX	12370	-154.53	SA	34.72	0.06	590.12
V>S_CB6024+6023_TX1	2	-12.99	VIC	34.65	0.00	36.30
N>N-X_9U6_9G2_2	95	-17.02	NSW	34.54	0.00	49.96
V:SS_PA_SVC_820	53	-13.47	VIC	34.48	0.00	60.91
V::S_SETB_TBSE_2	38	-48.98	VIC	34.25	0.00	43.11
V>>SML_BESH_1	63	-17.99	VIC	34.21	0.00	46.29
V>X_NWCB6022+6023_T1	1022	-523.31	VIC	34.17	0.00	97.90
T^V_NIL_10	12	-21.08	TAS	34.16	0.00	37.86
V::S_NIL_SETB_SECP_1	21	-31.13	VIC	34.04	0.00	85.52
T>T_X_TUMBNN_TWO_A	72	-21.25	TAS	34.04	0.00	43.08
S>SE6160_SETX2_SGKH	320	-36918.82	SA	34.02	0.00	86.08
N:Q_MUTW_1	1	-149.77	NSW	33.97	0.00	33.97
N>>N-X_DTKV_77_78_06	1	-34.69	NSW	33.96	0.00	33.96
N>>N-LD_CB822_04	12	-9.71	NSW	33.94	0.00	53.26
V::S_PAVC1_MAXG	48	-10226.52	VIC	33.93	0.00	65.05
T>T_X_TUMBNN_TWO_B	48	-36.32	TAS	33.93	0.00	40.97
V>>S_SETB_N-2_SGKH	1	-5.36	VIC	33.85	0.00	33.85
V>>S_SETB_N-2_KHTB2	1	-3.02	VIC	33.84	0.00	33.84
V>>SML_NIL_CONT_7B	1449	-123.56	VIC	33.83	0.00	288.43
V::N_BYPASS_HW_SY_QA	1	-0.12	VIC	33.76	0.00	33.76
T>T_NIL_BL_110_18_1	422	-1902.89	TAS	33.71	0.00	247.23
S:V_430	3	-0.30	SA	33.65	0.00	33.65
S>V_NWRB2_RBNW1	2569	-817.37	SA	33.58	0.00	304.26
V^^S_XKHTB1+2_MAXG	4	-1.04	VIC	33.15	0.00	35.05
Q:N_AR_2L-G_-100	35	-4.50	QLD	33.07	0.00	37.95
V::N_DDSM_V2	227	-27.89	VIC	33.01	0.00	92.05
T_V_NIL_BL1	699	-13.13	TAS	32.88	0.00	165.35
S>>SETX_NIL_SETX_1	261	-221.30	SA	32.74	0.00	66.59
V>>V_EPTT_2A_R	18	-8.03	VIC	32.74	0.00	39.81
V>>V_ROTS_TX_2B_R	186	-2.11	VIC	32.71	0.00	42.07
V>>V_KTS_TX_A2_2B_R	91	-3.92	VIC	32.70	0.00	45.42
V>V_NIL_RADIAL_9	811	-1359.01	VIC	32.62	0.00	138.07
V>>V_NIL_2B_R	9965	-5.34	VIC	32.57	0.00	169.62
V::N_DDWO_S2	24	-14.81	VIC	32.56	0.00	111.01
V>>V_ROTS_TX_2A_R	1218	-15.36	VIC	32.52	0.00	202.13
V^^S_XPACP_MAXG	57	-28.30	VIC	32.47	0.00	35.05
S>>TPRS_TWPA_WEMWP4	6	-138105.28	SA	32.44	0.00	38.73
S>>TPRS_TWPA_WTWE	3	-276353.43	SA	32.38	0.00	32.64
Q:N_NIL_OSC	13	-7.10	QLD	32.37	0.00	37.65
V::N_SMCSVC_R	9	-9.34	VIC	32.19	0.00	38.69
V::N_SMCSQE_R	58	-15.42	VIC	32.18	0.00	67.25
V::N_HYSE_Q1	28	-30.49	VIC	32.11	0.00	65.25
S>>WTTP_BRTW_WEMWP4	1	-323627.72	SA	32.09	0.00	32.09
V>>S_SETB_SETB_PWKN	1	-341533.84	VIC	32.04	0.00	32.04
V>>S_SETB_SETB_KHTB2	1	-414000.00	VIC	32.04	0.00	32.04
V^S_NIL_SA_RECLASS	2144	-32892.44	VIC	32.00	0.00	152.26
V^^S_SETB_TBSE_1	1	-490000.00	VIC	32.00	0.00	32.00
V>>V_LTMS_1	132	-9.15	VIC	31.88	0.00	42.89
V:SS_PA_SVC_795	131	-33.47	VIC	31.74	0.00	89.33
S>>WTTP_WERB_STBG	8	-203.66	SA	31.70	0.00	44.98
V>>S_HYML_2	716	-12.74	VIC	31.64	0.00	97.90
Q:N_NIL_AR_2L-G	15062	-198.45	QLD	31.45	6.44	13387.66
V::S_SEVC_SETB	11	-8.87	VIC	31.28	0.00	42.29
V::N_DDWO_SD	23	-12.41	VIC	31.27	0.00	42.66
V::N_NIL_Q2	44	-55.97	VIC	31.13	0.00	101.41
V::N_X_MLSM_EMTT_S2	32	-28.67	VIC	31.13	0.00	66.44
S>>BRMN_BWPA_BRTW	13	-15.91	SA	31.08	0.00	63.49
T>T_NIL_LIPM_N-2_2B	180	-22384.00	TAS	31.06	0.00	188.61
V>SML_BUDP_3	1	-0.21	VIC	31.02	0.00	31.02
T>T_NIL_BL_IMP_7C	3	-19.12	TAS	30.71	0.00	36.28
V>>N-DDWO_RADIAL_2	378	-61.60	VIC	30.66	0.00	72.47
V>SMLBAHO1	358	-3438.71	VIC	30.66	0.00	61.97
S>>PATW_BWPA_TPRS	13	-0.95	SA	30.64	0.00	37.02
V::N_JNWGQE_R	26	-13.62	VIC	30.62	0.00	46.58
V::N_ROSMVB_R	8	-16.89	VIC	30.61	0.00	45.34
V>>V_KTS_TX_A3_2B_R	297	-7.01	VIC	30.39	0.00	159.13
V::N_HYSE_S1	1	-34.63	VIC	30.07	0.00	30.07
V>>V_KTS_TX_A2_2A_R	945	-12.86	VIC	29.99	0.00	269.12
V>S_APHY1_NIL_HYTX1	19	-16.36	VIC	29.96	0.00	36.60
N::Q_NIL_KC	39	-8.48	NSW	29.64	0.00	30.78
S>>PWSE_SETB_SGKH	598	-14.38	SA	29.54	0.00	59.09
V>>N-NIL_HA	4941	-31.84	VIC	29.49	0.46	2401.18
V::N_LTWGQC_R	43	-7.53	VIC	29.46	0.00	33.06
V::N_X_MLSM_EMTT_SD	18	-26.09	VIC	29.44	0.00	49.19
S>>V_SETB_SETB_TBKH2	1	-0.40	SA	29.44	0.00	29.44
V>>S_NIL_NIL_SGKHC	54	-165.46	VIC	29.14	0.00	68.50
V::N_SMCSQB_R	4	-12.39	VIC	28.84	0.00	37.94
V_T_NIL_BL1	9765	-137.94	VIC	28.80	0.00	299.19
V_T_NIL_FCSPS	12644	-343.28	VIC	28.57	0.00	289.90
V>SML_NWRB_NWMWP1	61	-17.02	VIC	28.55	0.00	42.08
V>>N-LTWG_RADIAL_1	1	-0.27	VIC	28.48	0.00	28.48
T>T_HAPM_IMP_4L	10	-24.67	TAS	28.42	0.00	51.63
V::N_KTSY_S2	55	-11.12	VIC	28.34	0.00	51.45
V::N_HYTR_S3	1	-1.44	VIC	28.20	0.00	28.20
V:T_SHGT_BL_1	246	-27.39	VIC	28.05	0.00	65.02
V:SS_X-PA_S+P_745	1	-8.75	VIC	27.97	0.00	27.97
S>SETX_SETX_SGKH	298	-16368.96	SA	27.82	0.00	46.32
V>NWCB6024+25_TX1	2	-3.91	VIC	27.68	0.00	39.21
V_S_NIL_ROCOF	6166	-1602.70	VIC	27.66	0.00	265.18
V>>V_CBTS_TX_2A_R	159	-10.10	VIC	27.63	0.00	44.63
V::N_SMF2_V2	24	-18.17	VIC	27.56	0.00	43.74
T_T_FASH2_A_2	5	324014.51	TAS	27.50	0.00	29.52
V::N_NIL_V1	966	-17.08	VIC	27.43	0.00	125.07
S^^V_SETB_SETB	2	-1.26	SA	27.33	0.00	29.70
V::N_HORC_V4	12	-5.77	VIC	27.27	0.00	30.48
V::N_EPMBVF_R	2	-4.62	VIC	27.26	0.00	28.53
V>>V_NIL_2A_R	26727	-127.17	VIC	27.24	0.27	5269.90
V>>N-DPWG_A	3	-2.28	VIC	27.22	0.00	28.28
S>BRDV_BWPA_RHBR	18	-208.11	SA	27.18	0.00	46.86
V::N_NIL_V2	8920	-75.93	VIC	27.15	0.00	280.20
V>>V_BTRT_2A_R	1085	-16.35	VIC	27.00	0.00	209.49
V::N_SMCSVE_R	4	-16.59	VIC	26.99	0.00	35.58
V>>N-JNWG_RADIAL_1	34	-38.42	VIC	26.90	0.00	45.01
V::N_HYSE_V1	100	-19.87	VIC	26.84	0.00	77.98
S>NIL_BWPA_HUWT	68	-68.13	SA	26.78	0.00	62.17
V::N_HYTR_Q1	19	-8.11	VIC	26.67	0.00	34.84
V>>V_MLTS_TX_2B_R	189	-2.86	VIC	26.66	0.00	41.92
V::N_ROSMVE_R	5	-3.78	VIC	26.58	0.00	38.61
V::S_NIL_MAXG_SECP_1	49	-20.76	VIC	26.40	0.00	40.85
V::N_NIL_SD	2412	-230.85	VIC	26.21	0.00	140.22
V::N_MLMO_V4	8	-3.13	VIC	26.16	0.00	29.20
V::N_EPMBVE_R	2	-2.92	VIC	26.09	0.00	26.19
V::N_X_2SVC_V3	13	-1.02	VIC	26.08	0.00	34.20
V>>V_KTSY_1_R	482	-7.58	VIC	25.97	0.00	268.66
V::N_MLTXVD_R	2	-0.95	VIC	25.97	0.00	27.74
V::N_MLMO_V2	13	-3.58	VIC	25.95	0.00	28.00
V::N_HYMLQE_R	20	-8.78	VIC	25.93	0.00	34.98
V::N_MLSY_V4	9	-17.89	VIC	25.81	0.00	27.97
V>>V_SMTT2_2	1	-4.32	VIC	25.80	0.00	25.80
V::N_ROSMVC_R	3	-5.52	VIC	25.80	0.00	25.80
V::N_ROSMQC_R	1	-0.64	VIC	25.80	0.00	25.80
V::N_EPMBVC_R	23	-3.62	VIC	25.80	0.00	25.80
T>T_PMSH_IMP_4E	51	-17.19	TAS	25.71	0.00	75.85
V>>SML_NIL_7B	1301	-521.13	VIC	25.70	0.00	90.00
V::N_JNWGVF_R	4	-8.63	VIC	25.68	0.00	26.30
V::N_NIL_V4_-150	24	-16.07	VIC	25.67	0.00	45.46
V::S_NIL_MAXG_SECP_2	33	-40.70	VIC	25.60	0.00	55.01
V:SS_ARDM_780	4	-3.69	VIC	25.51	0.00	26.43
S>>BWPA_HUWT_RHBG-T	82	-77.57	SA	25.47	0.00	42.91
V>>S_NIL_KHTB1_KHTB2	86	-36.02	VIC	25.47	0.00	40.79
T>T_TANN2_110_2	6	-532.02	TAS	25.40	0.00	31.63
T>T-X_TUTA	1	-325.24	TAS	25.34	0.00	25.34
V>>V_KTS_TX_A3_3B_R	21	-8.12	VIC	25.32	0.00	30.00
T>T_X-HAPM_2_1N	1	-0.18	TAS	25.30	0.00	25.30
S>TB6123+29_KHTB2	1	-4.21	SA	25.23	0.00	25.23
V::N_NIL_V3_-100	6	-5.55	VIC	25.20	0.00	25.20
V::N_NIL_V3_-050	1	-3.53	VIC	25.20	0.00	25.20
V::N_NIL_SD-100	15	-33.27	VIC	25.20	0.00	25.20
Q:N_30+38_AR_2L-G	60	-14.29	QLD	25.09	0.00	29.40
V>V_ROYP78_1AR	20	-42316.55	VIC	25.00	0.00	38.86
S>>BGBW_TWPA_TPRS	68	-52.66	SA	24.98	0.00	44.99
V::N_NIL_S2	1839	-290.74	VIC	24.94	0.00	249.06
Q:N_30+38+KCTX_AR	70	-2.84	QLD	24.94	0.00	27.48
V:T_NIL_BL_1	108	-20.95	VIC	24.83	0.00	39.87
V^^S_XPAVC_MAXG_2	23	-41.49	VIC	24.75	0.00	45.80
V::N_NIL_S	9	-2.04	VIC	24.65	0.00	25.35
V_S_ROCOF	573	-1963.29	VIC	24.62	0.00	105.53
V>>V_KTS_TX_A3_3A_R	8	-8.85	VIC	24.59	0.00	26.34
V::N_KGRC_S2	89	-10.86	VIC	24.53	0.00	40.46
V::N_HWSM_V3	199	-8.94	VIC	24.53	0.00	35.81
V>>N_SMHTX_2	98	-6.22	VIC	24.51	0.00	30.86
V>>N-MSUT_4	2	-23.02	VIC	24.39	0.00	33.67
V::N_HYSEQE_R	1	-1.79	VIC	24.20	0.00	24.20
V::N_JNWGVE_R	31	-3.97	VIC	24.17	0.00	26.46
V::N_HWSM_Q4	89	-10.54	VIC	23.80	0.00	34.03
V::N_JNWOQE_R	27	-7.42	VIC	23.77	0.00	30.01
S>>MOTB_SETX2_SETX1	11	-44.30	SA	23.72	0.00	57.03
V::N_ROSMQE_R	61	-14.43	VIC	23.72	0.00	38.64
T^T_NIL_LIPM_N-2_DS	5	-189026.86	TAS	23.52	0.00	32.57
V:S_BLKRG_570	8	-10.64	VIC	23.47	0.00	27.73
V::N_BAHO_V4	227	-45.13	VIC	23.27	0.00	102.09
V>>N-JNWO_RADIAL_2	113	-25.11	VIC	23.23	0.00	55.01
S>SESG-T_SGBN_SGKH	22	-18464.59	SA	23.22	0.00	26.23
V::N_JNWOVE_R	2	-1.75	VIC	23.00	0.00	25.80
V::N_EPMB_Q4	1	-0.29	VIC	23.00	0.00	23.00
V::N_MLTXQC_R	7	-1.48	VIC	22.98	0.00	26.21
S>>X_BWPA+PARS_09	39	-132.32	SA	22.96	0.00	27.15
V::N_NIL_S1	93	-34.65	VIC	22.73	0.00	79.48
V::N_ROSM_V2	43	-6.93	VIC	22.62	0.00	27.73
Q:N_ARSVC_AR_2L-G	1049	-7.24	QLD	22.61	0.00	289.99
V::N_ESTN_HYSE_VF	49	-20.08	VIC	22.55	0.00	47.60
V::N_DDWO_V2	51	-36.64	VIC	22.48	0.00	34.35
V>V_HW_TX12_35_OPT1	35	-23963.07	VIC	22.35	0.00	33.81
V::N_HYSE_S3	12	-0.54	VIC	22.20	0.00	22.20
V::N_BAHO_S4	2	-2.31	VIC	22.19	0.00	22.19
V::N_MLTXQF_R	58	-3.27	VIC	22.18	0.00	26.87
S>V_NIL_NIL_RBNW	17372	-6712.47	SA	22.10	8.57	13100.00
V::N_MLMO_Q3	4	-12.44	VIC	22.00	0.00	29.61
V::N_MLTXVC_R	32	-7.87	VIC	22.00	0.00	26.23
V::N_NIL_V4_-100	113	-20.95	VIC	21.99	0.00	33.98
V::N_HWSM_S3	60	-7.65	VIC	21.74	0.00	32.57
V::N_JNWGVD_R	7	-6.55	VIC	21.74	0.00	27.97
V::N_NIL_SD-050	40	-14.42	VIC	21.62	0.00	26.23
V::N_MLMO_Q4	6	-13.93	VIC	21.48	0.00	30.25
V::N_HYTR_Q3	6	-13.45	VIC	21.43	0.00	31.54
V::S_KHSG_SETB	211	-5.99	VIC	21.37	0.00	39.69
V::S_PAVC1_SETB	44	-9.77	VIC	21.12	0.00	41.54
V::N_ESTN_HYSE_VD	16	-14.79	VIC	21.00	0.00	28.00
V::N_HORC_SD	8	-17.12	VIC	20.93	0.00	25.20
N>N-NIL_MBDU	5	-0.20	NSW	20.81	0.00	29.96
V::S_BLKRG_TBSE_3	82	-18.61	VIC	20.80	0.00	43.00
S>>BRMN_BWPA_HUWT	253	-59.07	SA	20.79	0.00	241.82
V::N_EPMBQD_R	1	-3.98	VIC	20.77	0.00	20.77
V::N_NIL_S3	32	-6.36	VIC	20.69	0.00	31.52
S>NWCB6024+25_TX3	104	-81.88	SA	20.56	2.79	590.07
S>>BWPA_DVBR_RHBG-T	118	-140.86	SA	20.56	0.00	34.63
V::N_DDMB_V4	2	-10.43	VIC	20.52	0.00	24.84
V::N_EPMB_V4	215	-12.83	VIC	20.46	0.00	155.24
S>>BWPA_BGBR_HUWT	13	-49.92	SA	20.41	0.00	26.24
V::N_HWSM_S4	123	-7.53	VIC	20.40	0.00	25.80
V::N_ESTN_HYSE_VE	41	-24.74	VIC	20.36	0.00	27.24
V::N_HORC_V2	4	-5.41	VIC	20.27	0.00	26.40
V::N_NIL_Q3	101	-6.15	VIC	20.24	0.00	23.16
V::N_NIL_V4_-050	230	-20.73	VIC	20.21	0.00	82.18
V::N_BUDPQF_R	20	-12.25	VIC	20.20	0.00	30.00
V::N_MLTXVE_R	7	-8.55	VIC	20.07	0.00	27.74
S>NIL_BWMP_HUWT	171	-5166.53	SA	19.99	0.00	88.73
S>X_NWCB6022+6023_T2	883	-3264.64	SA	19.95	0.00	110.86
V::N_ROSMQD_R	21	-6.40	VIC	19.89	0.00	28.36
V::N_NIL_Q4	759	-8.15	VIC	19.85	0.00	37.97
V::N_DDSM_V4	92	-6.48	VIC	19.83	0.00	30.22
V>>V_NIL_2_P	1033	-5.11	VIC	19.79	0.00	79.56
V::N_JNWOVF_R	9	-3.88	VIC	19.76	0.00	20.20
V::N_SMCSVD_R	1	-85.00	VIC	19.70	0.00	19.70
V>>V_BTTT1MLSY_KT_AR	17	-9.21	VIC	19.63	0.00	19.84
V::N_NIL_V4	14902	-9.22	VIC	19.57	0.00	260.54
V>>V_BTRT_2_P	853	-21.60	VIC	19.56	0.00	116.11
V::N_MLTR_V4	12	-20.28	VIC	19.50	0.00	26.40
V::N_HYTR_V4	94	-22.96	VIC	19.48	0.00	25.20
V>>V_BTRT_2B_R	917	-19.32	VIC	19.45	0.00	122.66
V::N_JNWOQF_R	60	-10.28	VIC	19.42	0.00	31.55
Q:N_AR_2L-G_-200	5150	-10.47	QLD	19.16	0.00	57.60
V::N_MLTXQD_R	7	-4.71	VIC	19.16	0.00	25.50
V::N_LTWG_V4	63	-97.41	VIC	19.14	0.00	62.46
V::N_X_2SVC_V4	79	-42.42	VIC	19.12	0.00	47.71
V::N_DDSM_V3	41	-9.89	VIC	18.95	0.00	28.00
V::N_NIL_V2-050	17	-4.55	VIC	18.86	0.00	25.20
V::N_NIL_V3	2801	-7.57	VIC	18.57	0.00	42.07
S>>CNRB_MKRB_WEMWP4	165	-6.12	SA	18.51	0.00	30.32
V::N_HYSE_V2	388	-21.23	VIC	18.47	0.00	49.41
V::N_NIL_S4	103	-10.04	VIC	18.42	0.00	34.83
S>SE6186_SETX1_SETX2	70	-29.59	SA	18.41	0.00	28.09
V::N_HYSE_S4	216	-14.78	VIC	18.35	0.00	39.20
V::N_BUDP_V2	44	-59.69	VIC	18.35	0.00	32.90
V::N_MLTXQE_R	53	-5.86	VIC	18.23	0.00	28.13
V::N_HYSE_Q3	3	-18.51	VIC	18.02	0.00	33.06
V::N_SMSC_V4	261	-24.21	VIC	17.73	0.00	28.37
V::N_HYSE_V4	2125	-10.72	VIC	17.51	0.00	49.05
V::N_HOWA_V4	7	-6.18	VIC	17.34	0.00	19.73
V::N_SMF2_V4	101	-35.57	VIC	17.30	0.00	26.91
V>>V_EPTT_2B_R	9	-2.76	VIC	16.98	0.00	20.12
V::N_HYSE_V3	100	-7.67	VIC	16.83	0.00	28.75
V::N_X_HWSM_SMF2_S1	79	-22.76	VIC	16.81	0.00	27.60
V::N_KGRC_V2	27	-17.83	VIC	16.79	0.00	25.20
V::N_HWSM_V4	139	-19.66	VIC	16.76	0.00	41.02
V::N_NIL_V	1165	-19.44	VIC	16.68	0.00	90.20
V::N_ROSMVF_R	2	-7.62	VIC	16.55	0.00	16.90
S>NWCB6022+23+24_TX2	23	-19.56	SA	16.51	0.00	36.73
V>NIL_RAD_1-2_3-4_2	1	-7.01	VIC	16.20	0.00	16.20
V::N_MLSY_V2	1	-7.95	VIC	16.20	0.00	16.20
V::N_DDWO_Q2	1	-29.45	VIC	16.20	0.00	16.20
V::N_DDMB_S4	1	-2.78	VIC	16.20	0.00	16.20
V::N_EPMB_V3	5	-6.98	VIC	15.86	0.00	16.20
V>>V_KTSY_P	1	-18.03	VIC	15.71	0.00	15.71
V::N_MLSY_V1	34	-17.92	VIC	15.69	0.00	25.20
V::N_BUDPQE_R	33	-10.55	VIC	15.58	0.00	30.22
V>>V_EPTT_2_P	20	-2.25	VIC	15.43	0.00	17.33
V>>V_NIL_6_P	5	-6.33	VIC	15.40	0.00	17.77
V::N_HWSM_S1	407	-38.72	VIC	15.22	0.00	87.77
V::N_MLSY_Q1	11	-15.40	VIC	15.22	0.00	22.93
S>RBTX1_RBTX2_WEMWP4	264	-3.95	SA	15.13	0.00	32.32
V::N_BYPASS_HW_SY_V2	57	-36.56	VIC	14.61	0.00	37.96
V>>V_EPTT_3	60	-4.36	VIC	14.51	0.00	20.20
V::N_MLTR_Q4	2	-25.61	VIC	14.36	0.00	14.53
V::N_HYSE_Q4	675	-11.46	VIC	14.33	0.00	33.55
V::N_BUDPQD_R	2	-10.91	VIC	14.20	0.00	14.20
V::S_TBCP1_SETB_2	13	-24.27	VIC	14.19	0.00	27.52
V>>SML_NIL_5	1	-54.11	VIC	14.14	0.00	14.14
S::V_TBSE_TBSE	81	-15.15	SA	14.08	0.00	283.60
V::N_BUDP_V4	119	-53.58	VIC	14.04	0.00	55.60
V::N_BUDP_V1	50	-35.64	VIC	13.78	0.00	52.75
V>>N_SMHTX_1	59	-9.94	VIC	13.75	0.00	30.20
V>>N_DDMS_2	857	-63.16	VIC	13.55	0.00	243.41
T^V_NIL_9	343	-37.29	TAS	13.10	0.00	210.47
V>>V_MLTS_TX_2A_R	272	-4.48	VIC	12.99	0.00	28.52
V::N_BUDP_V3	54	-69.50	VIC	12.84	0.00	34.05
V>>N-LTUT_2_30	9	-188.85	VIC	11.76	0.00	16.15
V>>V_DDSM_1	252	-44.01	VIC	11.67	0.00	92.05
S>BGBW_HUWT_RHBR-T	4	-8.30	SA	11.36	0.00	45.99
V::N_HYMO_Q4	35	-9.85	VIC	11.10	0.00	16.15
S>CNDV_BWMP_HUWT	40	-44.87	SA	10.89	0.00	21.29
V::N_HYTR_Q4	44	-35.85	VIC	10.51	0.00	19.33
V^^S_NIL_TBSE_2	1	-34511.24	VIC	10.50	0.00	10.50
V::S_MOTB_SETB	1	-0.19	VIC	10.50	0.00	10.50
V::N_X_HWSM_ROTX_V2	1	-21.80	VIC	10.50	0.00	10.50
V::N_NIL_S2-100	1	-23.83	VIC	10.50	0.00	10.50
V::N_HYTR_S4	2	-44.92	VIC	10.50	0.00	10.50
V::N_HYMO_V4	1	-0.82	VIC	10.50	0.00	10.50
V::N_HWSM_Q3	1	-4.45	VIC	10.50	0.00	10.50
S>>V_NIL_RBTX_MW4RB	2674	-6.54	SA	10.44	0.00	52.99
S>V_NIL_SETX_SETX1	17	-25488.41	SA	10.31	0.00	14.38
V>>SML_ARWB_5	6	-21.48	VIC	10.16	0.00	10.50
S>>CNDV_MKRB_WEMWP4	148	-10.56	SA	9.87	0.00	33.81
S::V_SA_PSS_1	48	-1.43	SA	9.42	0.00	27.13
V>>V_NIL_6A_R	13	-19.47	VIC	8.52	0.00	18.49
T_V_NIL_FCSPS	69	-17491.63	TAS	8.13	0.00	53.12
V::N_NIL_V4_-200	110	-21.66	VIC	7.38	0.00	29.36
S>>NIL_NIL_SETX12	10	-707.96	SA	6.37	49.88	578.81
T^V_NIL_BLCAP	23	-27.35	TAS	5.07	0.00	100.19
V::N_HYMO_V2	11	-39.66	VIC	2.94	0.00	35.64
T^T_NIL_LICS_N-2_DS	2	-182.48	TAS	1.74	0.00	2.25
S>>V_NIL_WTTP_WEMW4	13	-40.31	SA	0.67	0.00	9.77
S>V_NIL_HYTX_HYTX	92	-42.83	SA	-5.12	0.00	64.99
T_V_FCSPS_RAMP	26	-52.10	TAS	-5.12	0.00	32.18
S:V_580	16	-22.71	SA	-6.76	0.00	40.50
V::N_SMF2_SD1	6	-79.77	VIC	-9.02	0.00	73.81
T::T_HA_GT_PM_5	11	-273.74	TAS	-9.90	0.00	60.52
S::V_TBSE_TBSE_1	29	-57.12	SA	-14.48	0.00	196.84
V>>SML_NIL_7C	16	-10124.40	VIC	-20.38	0.00	51.06
S>>X_DVCN+CNRB+CB_16	75	-25.13	SA	-21.52	0.00	37.33
S::V_SA_PSS_2	108	-54.02	SA	-34.51	0.00	25.01
S>VML_NWCB6023_TX2	26	-73.93	SA	-35.91	0.00	0.00
S>NWB6024_TX1	19	-69.59	SA	-37.90	0.00	0.00
S>>X_DVCN+CNRB+CB_10	88	-39.42	SA	-38.85	0.00	49.69
V_HYML1_4	29	-2625366.63	VIC	-39.20	0.00	53.47
S>NIL_PL_GENMAX_YDMD	13	-959.25	SA	-40.75	0.00	10.31
S>>PWSE_NIL_SGKH	4	-155.08	SA	-42.47	0.00	0.00
S:VS_X-PA_S+P_380	1	-44.52	SA	-45.00	0.00	0.00
S:V_PA_SVC_420	6	-56.20	SA	-45.00	0.00	0.00
V_HYML1_3	26	-3954626.01	VIC	-45.79	0.00	99.90
S_V_NIL_ROCOF	68	-45.53	SA	-47.61	0.00	0.00
V>>SML_NIL_1_5M	33	-202601.47	VIC	-60.34	7.84	558.58
V^SML_NIL_3	5	-139889.67	VIC	-155.91	0.00	104.02
S>>V_NIL_NIL_HUWT	16	-315060.66	SA	-695.54	0.00	60.98
S_V_000_HY_DYN	842	-1014.28	SA	-998.77	0.00	32.69
S>>V_KHTB1_TBSE_TBKH	3	-1556.86	SA	-999.43	0.00	0.00
VTBL_ROC	505	-246568.90	-	-	-	-
VT_ZERO	7675	-164.34	-	-	-	-
VT_350	2	-45.25	-	-	-	-
VT_300	30	-11972.45	-	-	-	-
VT_200	4	-26.12	-	-	-	-
VT_000	89	-43.73	-	-	-	-
VSML_ZERO	5475	-6225.22	-	-	-	-
VSML_ROC_80	497	-20907.03	-	-	-	-
VSML_220	8132	-2817.75	-	-	-	-
VSML_160	1	-420000.00	-	-	-	-
VSML_030	3	-89.35	-	-	-	-
VSML_000	4834	-643.21	-	-	-	-
VS_HYTS_TX	3	-1.00	-	-	-	-
VS_500	5	-58.09	-	-	-	-
VS_400	15	-17.64	-	-	-	-
VS_350	65	-19.71	-	-	-	-
VS_250_DYN	3247	-298.79	-	-	-	-
VS_250	1291	-324.67	-	-	-	-
VS_080	3	-1.00	-	-	-	-
VS_050	1258	-1120.54	-	-	-	-
VN_1200	2	-9.39	-	-	-	-
VN_1100	20	-8.43	-	-	-	-
VN_0950	15	-14.52	-	-	-	-
VN_0900	7	-19.08	-	-	-	-
VN_0850	3	-15.71	-	-	-	-
VN_0800	43	-13.41	-	-	-	-
VN_0750	26	-9.71	-	-	-	-
VN_0700	56	-6.82	-	-	-	-
VN_0650	5	-21.87	-	-	-	-
VN_0600	8	-27.40	-	-	-	-
VN_0550	21	-14.34	-	-	-	-
TVBL_ROC	487	-34170.23	-	-	-	-
TV_ZERO	944	-463.50	-	-	-	-
TV_575	2	-156.81	-	-	-	-
TV_560	12	-32.61	-	-	-	-
TV_550	13	-7.08	-	-	-	-
TV_500	178	-16.87	-	-	-	-
TV_470	110	-16.26	-	-	-	-
TV_450	5	-9.59	-	-	-	-
TV_410	44	-10.91	-	-	-	-
TV_400	2	-18.69	-	-	-	-
TV_350	15	-17.32	-	-	-	-
TV_325	66	-7.07	-	-	-	-
TV_315	149	-10.56	-	-	-	-
TV_300	10	-10.09	-	-	-	-
TV_000	3	-35.41	-	-	-	-
SVML_ZERO	5427	-43.53	-	-	-	-
SVML_ROC_80	608	-365.90	-	-	-	-
SVML_040	41	-3.26	-	-	-	-
SVML_010	4	-4.73	-	-	-	-
SVML_000	3160	-386.77	-	-	-	-
SV_300	1	-49.31	-	-	-	-
SV_250_DYN	8	-420000.00	-	-	-	-
SV_250	7	-329331.77	-	-	-	-
SV_200	10	-399000.00	-	-	-	-
SV_000	443	-788.86	-	-	-	-
SA_HYSE2	39	-986.14	-	-	-	-
SA_HYSE1	62	-43542.00	-	-	-	-
QNTE_ZERO	41	-517284.35	-	-	-	-
QNTE_ROC	1357	-39183.71	-	-	-	-
QNI_ISLE_B	1	-1.31	-	-	-	-
NSA_S_POR01+POR03_20	10	13707.32	-	-	-	-
NSA_S_POR01+POR03_15	2	13956.40	-	-	-	-
NSA_Q_GSTONE34_400	24	6523.99	-	-	-	-
NSA_Q_GSTONE34_350	297	12482.80	-	-	-	-
NSA_Q_GSTONE34_330	2	13475.31	-	-	-	-
NSA_Q_GSTONE34_310	3	270091.17	-	-	-	-
NSA_Q_GSTONE34_290	2894	3046.96	-	-	-	-
NSA_Q_GSTONE34_270	2681	9433.95	-	-	-	-
NSA_Q_GSTONE34_250	275	9898.40	-	-	-	-
NSA_Q_GSTONE34_200	1	13763.35	-	-	-	-
NSA_Q_GSTONE34_150	25	11553.53	-	-	-	-
NRM_VIC1_SA1	389	-23154.74	-	-	-	-
NRM_VIC1_NSW1	63	-10718.64	-	-	-	-
NRM_SA1_VIC1	96	-2040.59	-	-	-	-
NRM_QLD1_NSW1	470	-11562.37	-	-	-	-
NRM_NSW1_VIC1	203	-5016.21	-	-	-	-
NQTE_ROC	1374	-3649.89	-	-	-	-
NQ_450	4	-4.56	-	-	-	-
NC_T_BLNKTAS	58	-24.21	-	-	-	-
I_TE_DL_COMM	179	-2109317.61	-	-	-	-
I_CTRL_ISSUE_TE	2275	-51582.15	-	-	-	-
I_CTRL_ISSUE_ML	338	-60496.28	-	-	-	-
CA_SPS_4733E84B_01	24	-1403.91	-	-	-	-
CA_SPS_46BA5824_01	79	-18.37	-	-	-	-
CA_SPS_46954420_01	77	-32.10	-	-	-	-
CA_SPS_4667C455_01	2	-29.76	-	-	-	-
CA_SPS_465E4858_01	5	-898.13	-	-	-	-
CA_SPS_46545836_02	95	-185.94	-	-	-	-
CA_SPS_46545836_01	4	-272.91	-	-	-	-
CA_SPS_456000F9_01	14	-1376.62	-	-	-	-
CA_SPS_445534C8_01	17	-1469.86	-	-	-	-
CA_SPS_43667C70_02	1	-56.64	-	-	-	-
CA_SPS_43667C70_01	9	-12.35	-	-	-	-
CA_SPS_4317B056_01	9	-840.40	-	-	-	-
CA_SPS_428FB629_01	1	-393000.00	-	-	-	-
CA_SPS_42375E8A_01	43	-3.57	-	-	-	-
CA_SPS_42009181_01	4	-264.13	-	-	-	-
CA_SPS_42008454_01	4	-393000.00	-	-	-	-
CA_SPS_41CE7351_01	16	-81.26	-	-	-	-
CA_SPS_41C52A3F_01	8	-10594.65	-	-	-	-
CA_SPS_41B92B29_02	12	-26.93	-	-	-	-
CA_SPS_41B92B29_01	1	-31.33	-	-	-	-
CA_SPS_41B7F9D7_02	5	-11.44	-	-	-	-
CA_SPS_41B7F9D7_01	4	-4.79	-	-	-	-
CA_SPS_40D62A5B_01	57	-2218.18	-	-	-	-
CA_MQS_4780983C_01	1	-21.72	-	-	-	-
CA_MQS_473FDF2B_01	9	-101.35	-	-	-	-
CA_MQS_46F62303_02	4	-5209.83	-	-	-	-
CA_MQS_4567E35C_01	7	-187.35	-	-	-	-
CA_MQS_4567CA08_01	21	-354.26	-	-	-	-
CA_MQS_44AC4E76_01	3	-6.95	-	-	-	-
CA_MQS_445332BD_01	4	-2127.83	-	-	-	-
CA_MQS_42D83B89_01	40	-751.14	-	-	-	-
CA_MQS_42084A52_01	36	-360326.28	-	-	-	-
CA_MQS_416718EE_01	4	-98295.98	-	-	-	-
@NSA_V_BDL_65	2	258000.00	-	-	-	-